routine,manageDirVars,sparrowSetup,sparrowExec,shiny,batch,errorTrap,utility,lists,rmd,fortran,external
accumulateIncrArea.R,,1,,,,,,,,,
addMarkerText.R,,,,,,,1,,,,
addVars.R,1,,,,,,,,,,
allowRemoveRow.R,,,,1,,,1,,,,
applyUserModify.R,,1,,,,,,,,,
areColors.R,,,,,,1,1,,,,
assignIncremSiteIDs.R,,1,,,,,,,,,
batchGeoLines.R,1,,,,1,,,,,,
batchlineShape.R,1,,,,1,,,,,,
batchMaps.R,,,,,1,,,,,,
batchpolyShape.R,1,,,,1,,,,,,
batchRun.R,,,,,1,,,,,,
calcClassLandusePercent.R,,1,,,,,,,,,
calcDemtareaClass.R,,1,,,,,,,,,
calcHeadflag.R,,1,,,,,,,,,
calcIncremLandUse.R,,,,,,,1,,,,
calcTermflag.R,,1,,,,,,,,,
checkAnyMissingSubdataVars.R,,,,,,1,,,,,
checkBinaryMaps.R,,,,,,1,1,,,,
checkClassificationVars.R,,1,,,,1,,,,,
checkData1NavigationVars.R,,1,,,,1,,,,,
checkDrainageareaErrors.R,,1,,,,1,,,,,
checkDrainageareaErrors.Rmd,,1,,,,1,,,1,,
checkDrainageareaErrorsChild.Rmd,,,,,,,,,1,,
checkDrainageareaMapPrep.R,,1,,,,1,,,,,
checkDupVarnames.R,,1,,,,1,,,,,
checkingMissingVars.R,,1,,,,1,,,,,
checkMissingData1Vars.R,,1,,,,1,,,,,
checkMissingSubdataVars.R,,1,,,,,,,,,
compileALL.R,,,,1,,,1,,,,
compileInput.R,,,,1,,,1,,,,
controlFileTasksModel.R,,,1,,,,,,,,
convertHotTables.R,,,,1,,,1,,,,
copyPriorModelFiles.R,,1,,,,,,,,,
correlationMatrix.R,,,1,,,,,,,,
createDataMatrix.R,,1,,,,,,,,,
createDirs.R,1,,,,,,,,,,
createInitialDataDictionary.R,,1,,,,,,,,,
createInitialParameterControls.R,,1,,,,,,,,,
createInteractiveChoices.R,,,,1,,,1,,,,
createMasterDataDictionary.R,,1,,,,,,,,,
createRTables.R,,,,1,,,1,,,,
createSubdataSorted.R,,1,,,,,,,,,
createVerifyReachAttr.R,,1,,,,,,,,,
dataInputPrep.R,,1,,,,,,,,,
deleteFiles.R,1,,,,,,,,,,
deliv_fraction.for,,,,,,,,,,1,
diagnosticClassLandChild.Rmd,,,,,,,,,1,,
diagnosticClassvarChild.Rmd,,,,,,,,,1,,
diagnosticContiguousChild.Rmd,,,,,,,,,1,,
diagnosticCorrChild.Rmd,,,,,,,,,1,,
diagnosticDiagMapChild.Rmd,,,,,,,,,1,,
diagnosticMapAttrChild.Rmd,,,,,,,,,1,,
diagnosticMaps.R,,,1,,,,,,,,
diagnosticPlotsNLLS.R,,,1,,,,,,,,
diagnosticPlotsNLLS.Rmd,,,1,,,,,,1,,
diagnosticPlotsValidate.R,,,1,,,,,,,,
diagnosticSensitivity.R,,,1,,,,,,,,
diagnosticSensitivity.Rmd,,,1,,,,,,1,,
diagnosticSensParamChild.Rmd,,,,,,,,,1,,
diagnosticSpatialAutoCorr.R,,,1,,,,,,,,
diagnosticSpatialAutoCorr.Rmd,,,1,,,,,,1,,
dropFunc.R,,,,1,,,1,,,,
eigensort.R,,,1,,,,,,,,
errorOccurred.R,,,,,,1,1,,,,
estimate.R,,,1,,,,,,,,
estimateBootstraps.R,,,1,,,,,,,,
estimateFeval.R,,,1,,,,,,,,
estimateFevalNoadj.R,,,1,,,,,,,,
estimateNLLSmetrics.R,,,1,,,,,,,,
estimateNLLStable.R,,,1,,,,,,,,
estimateOptimize.R,,,1,,,,,,,,
estimateWeightedErrors.R,,,1,,,,,,,,1
executeRSPARROW.R,,,1,,,,,,,,
executionTree.R,,,,,,,,,,,1
findCodeStr.R,,,,,,,,,,,1
findControlFiles.R,1,,,,,,,,,,
findMinMaxLatLon.R,,,,,,,1,,,,
findScriptName.R,1,,,,,,,,,,
fixDupLatLons.R,,1,,,,1,,,,,
generateInputLists.R,,,,,,,,1,,,
getCharSett.R,,,,,,,,1,,,
getNumSett.R,,,,,,,,1,,,
getOptionSett.R,,,,,,,,1,,,
getShortSett.R,,,,,,,,1,,,
getSpecialSett.R,,,,,,1,,1,,,
getVarList.R,,,,,,,,1,,,
getYesNoSett.R,,,,,,,,1,,,
goShinyPlot.R,,,,1,,,,,,,
handsOnMod.R,,,,1,,,1,,,,
handsOnUI.R,,,,1,,,1,,,,
hydseq.R,,1,,,,,,,,,
hydseqTerm.R,,1,,,,,,,,,
importCSVcontrol.R,,,,,,,1,,,,
interactiveBatchRun.R,,,,1,1,,,,,,
isScriptSaved.R,1,,,,,,,,,,
makePaths.R,1,,,,,,,,,,
mapBreaks.R,,,,,,,1,,,,
mapSiteAttributes.R,,,1,,,,,,,,
modelCompare.R,,,1,,,,,,,,
mptnoder.for,,,,,,,,,,1,
named.list.R,,,,,,,1,,,,1
openDesign.R,1,,,,,,,,,,
openParameters.R,1,,,,,,,,,,
openVarnames.R,1,,,,,,,,,,
outputSettings.R,,1,,,,,,,,,
plotlyLayout.R,,,,,,,1,,,,
predict.R,,,,,,,,,,,
predictBoot.R,,,1,,,,,,,,
predictBootsOutCSV.R,,,1,,,,,,,,
predictBootstraps.R,,,1,,,,,,,,
predictMaps.R,,,1,,,,,,,,
predictMaps.Rmd,,,1,,,,,,1,,
predictOutCSV.R,,,1,,,,,,,,
predictScenarios.R,,,1,,,,,,,,
predictScenariosOutCSV.R,,,1,,,,,,,,
predictScenariosPrep.R,,,1,,,,,,,,
predictSensitivity.R,,,1,,,,,,,,
predictSummaryOutCSV.R,,,1,,,,,,,,
ptnoder.for,,,,,,,,,,1,
read_dataDictionary.R,,1,,,,,,,,,
readData.R,,1,,,,,,,,,
readDesignMatrix.R,,1,,,,,,,,,
readParameters.R,,1,,,,,,,,,
removeObjects.R,1,,,,,,,,,,
replaceData1Names.R,,1,,,,,,,,,
replaceNAs.R,,,,,,,1,,,,1
runBatchShiny.R,,,,1,,,,,,,1
runRsparrow.R,,,1,,,,,,,,
selectAll.R,,,,1,,,1,,,,
selectCalibrationSites.R,,,1,,,,,,,,
selectDesignMatrix.R,,,1,,,,,,,,
selectParmValues.R,,,1,,,,,,,,
selectValidationSites.R,,,1,,,,,,,,
setMapDefaults.R,,1,,,,1,,,,,
setNLLSWeights.R,,,1,,,,,,,,
setupMaps.R,,1,,,,,,,,,
shapeFunc.R,,,,1,,,,,,,
shinyErrorTrap.R,,,,1,,1,,,,,
shinyMap2.R,,,,1,,,,,,,
shinySavePlot.Rmd,,,,1,,,,,1,,
shinyScenarios.R,,,,1,,,,,,,
shinyScenariosMod.R,,,,1,,,,,,,
shinySiteAttr.R,,,,1,,,,,,,
sites_incr.for,,,,,,,,,,1,
sourceRedFunc.R,,,,1,,,,,,,
startEndmodifySubdata.R,,1,,,,,,,,,
startModelRun.R,,,1,,,,,,,,
streamCatch.R,,,,1,,,,,,,
sumIncremAttributes.R,,1,,,,,,,,,
syncVarNames.R,1,,,,,,,,,,
testCosmetic.R,,,,1,,1,,,,,
testRedTbl.R,,,,1,,1,,,,,
testSettings.R,1,,,,,1,,,,,
tnoder.for,,,,,,,,,,1,
unPackList.R,,,,,,,1,,,,
updateVariable.R,,,,1,,,1,,,,
validateFevalNoadj.R,,,1,,,,,,,,
validateMetrics.R,,,1,,,,,,,,
validCosmetic.R,,,,1,,1,,,,,
validSetting.R,,,,1,,1,,,,,
verifyDemtarea.R,,1,,,,,,,,,
